id,sample_token,error_m,used_field
1542799322148077-cb4504edb87a40d4b650cd5860f6c3b7,cb4504edb87a40d4b650cd5860f6c3b7,0.5194524352997336,distance_m
1542799322647937-c24a9059f9f149a69a0d534026f5b20e,c24a9059f9f149a69a0d534026f5b20e,0.7499173350834928,distance_m
1542799323147809-98bf27ef19ff41fe9c46bb8fff168076,98bf27ef19ff41fe9c46bb8fff168076,0.5047750593218453,distance_m
1542799323647703-a6a8c30913934fae8c7dce55e3c8022b,a6a8c30913934fae8c7dce55e3c8022b,0.6036406249593512,distance_m
1542799324147590-fff51b00bf394365a4eea2b279224312,fff51b00bf394365a4eea2b279224312,0.5150892294109523,distance_m
1542799324647434-97d92ade9a3b44ae8fbfb1132ac18b0e,97d92ade9a3b44ae8fbfb1132ac18b0e,0.6815645858611021,distance_m
1542799325147314-d3c067cedbb041f48b3b6034c691b21f,d3c067cedbb041f48b3b6034c691b21f,0.8608890492988162,distance_m
1542799325647187-c3cbd08daa714dc4922236d8e224e562,c3cbd08daa714dc4922236d8e224e562,0.4402628400901311,distance_m
1542799326196825-03d01b47ef714213b94aae1b95d5b44e,03d01b47ef714213b94aae1b95d5b44e,0.8028401249764866,distance_m
1542799326696739-bdea805e042d412c92ad5c6e4ca7385b,bdea805e042d412c92ad5c6e4ca7385b,0.9982630575642634,distance_m
1542799327197134-a945d7d02c7a4ef98f1b5aaa1557f546,a945d7d02c7a4ef98f1b5aaa1557f546,0.8909632840386081,distance_m
1542799327697584-b4b81cfd5d734881ad386e5c2b00ed4a,b4b81cfd5d734881ad386e5c2b00ed4a,0.909345440284233,distance_m
1542799328197456-f1424d3ab0e145a5a60d67c95164f156,f1424d3ab0e145a5a60d67c95164f156,0.1540643569279887,distance_m
1542799328697874-d8e49e69a437461b8fb2bdfbff330a04,d8e49e69a437461b8fb2bdfbff330a04,1.0591548806061604,distance_m
1542799329198296-3aeb1dd281504f3098eb78149fca78e2,3aeb1dd281504f3098eb78149fca78e2,220.8248740518151,distance_m
1542799329698177-3f8c45e9f1b84f5abc2d4898f20c60b6,3f8c45e9f1b84f5abc2d4898f20c60b6,246.77140231396345,distance_m
1542799330198603-54c58e9e2c054cc290b17a6164fbcd0f,54c58e9e2c054cc290b17a6164fbcd0f,0.18323501193844668,distance_m
1542799330698477-b32c097663ff4d30b83bd1857d64e790,b32c097663ff4d30b83bd1857d64e790,0.8211798178658443,distance_m
1542799331198914-5cea96ab7d324d958bb1db9da621b43c,5cea96ab7d324d958bb1db9da621b43c,183.9323924707119,distance_m
1542799331699349-2ff6e2f9910b483ab578f0e162ee7c64,2ff6e2f9910b483ab578f0e162ee7c64,0.3456052320507382,distance_m
1542799332199210-eb82a835419149aeae82c5e8ea64377b,eb82a835419149aeae82c5e8ea64377b,0.4052574580119908,distance_m
1542799332699105-c867c2092b554a5fb7a7db226dd7926a,c867c2092b554a5fb7a7db226dd7926a,115.84742120565309,distance_m
1542799333198412-913104aa7a4f4917a651fdc062c7fc30,913104aa7a4f4917a651fdc062c7fc30,81.98856627603632,distance_m
1542799333698296-52ee039a8a97433987bba833d15396ab,52ee039a8a97433987bba833d15396ab,0.6791360455849356,distance_m
1542799334198168-82f21b3a1e094ab3bfaced9fc03c422c,82f21b3a1e094ab3bfaced9fc03c422c,0.38497859640979953,distance_m
1542799334647731-f8ac246e0b284f7b8c9f17c9649a95e9,f8ac246e0b284f7b8c9f17c9649a95e9,0.45927109632074187,distance_m
1542799335197927-c282419dd0d94aefab995f18ff0e179d,c282419dd0d94aefab995f18ff0e179d,94.59981501038995,distance_m
1542799335697806-d5173a8c31584f1b87d4ad15cbe1530a,d5173a8c31584f1b87d4ad15cbe1530a,0.4663826791177876,distance_m
1542799336197684-d5bb04067c2a4291ae9e4be38c093427,d5bb04067c2a4291ae9e4be38c093427,0.5175660889658398,distance_m
1542799336697548-31c4135dd79c4d75b8ca0511345be76c,31c4135dd79c4d75b8ca0511345be76c,1.0394261904944766,distance_m
1542799337197433-49e0e239c3f048418bb250ef9376120e,49e0e239c3f048418bb250ef9376120e,0.5642122535492397,distance_m
1542799337697853-949d5c6f5ebf4f88a5f63498eab9d953,949d5c6f5ebf4f88a5f63498eab9d953,0.7409032592365719,distance_m
1542799338198288-d8c1640ec61545e59e843c68cce3833e,d8c1640ec61545e59e843c68cce3833e,70.35001776829911,distance_m
1542799338698172-e0c4e822835f4a2e925dec94a835d5ab,e0c4e822835f4a2e925dec94a835d5ab,1.0280580430830408,distance_m
1542799339198582-7dfdfced3bb641698d76f4d51567c383,7dfdfced3bb641698d76f4d51567c383,1.295023405511859,distance_m
1542799339698459-171e5846658c40c8ade64280dd2ec02d,171e5846658c40c8ade64280dd2ec02d,74.39169980582511,distance_m
1542799340198340-ad7740a9198e47b396ad35b6bbb566dd,ad7740a9198e47b396ad35b6bbb566dd,1.4752285829577692,distance_m
1542799340698251-a9692363682b4e18815f9a174bb44eda,a9692363682b4e18815f9a174bb44eda,1.5831669997523024,distance_m
1542799341198106-184dbf3020b04b1a9971afc7332a5760,184dbf3020b04b1a9971afc7332a5760,1.990030817260773,distance_m
1542799341698022-5253c29c4cf64f01b43f64c9e5dfedb4,5253c29c4cf64f01b43f64c9e5dfedb4,2.144066532609352,distance_m
1542799342148091-e74b8ce0b1824e0c8167f2534d8d4f7d,e74b8ce0b1824e0c8167f2534d8d4f7d,1.3992956304684965,distance_m
1542799342698277-e06c4c64a1bc4e8a8d2a6d31a9cb5638,e06c4c64a1bc4e8a8d2a6d31a9cb5638,0.9164345132814209,distance_m
1542799343198148-e7e330644fcf4526bde068fe637a3bc3,e7e330644fcf4526bde068fe637a3bc3,1.2192141720523468,distance_m
1542799343698038-0660df67866547b09bf286b9fe0b05f2,0660df67866547b09bf286b9fe0b05f2,74.7938834397573,distance_m
1542799344197916-ffced1bcacb046af9928fe92d99fdb23,ffced1bcacb046af9928fe92d99fdb23,0.6738715478667748,distance_m
1542799344697219-ce3718b3d5a4404c80b724e1b15cf7bf,ce3718b3d5a4404c80b724e1b15cf7bf,0.33096104521620473,distance_m
1542799345197128-f868336acfca41f6b3b7a3d1b6518691,f868336acfca41f6b3b7a3d1b6518691,74.64331852215575,distance_m
1542799345696426-a5f8715674ad4460b583cf6067096e5b,a5f8715674ad4460b583cf6067096e5b,0.729573392063492,distance_m
1542799346196297-5961c01ec5e04ee48959a30d2b337c57,5961c01ec5e04ee48959a30d2b337c57,0.5332465817284371,distance_m
1542799346697289-6a572eb7bc84490487b6fad4266bc0d4,6a572eb7bc84490487b6fad4266bc0d4,0.39871125196151724,distance_m
1542799347197711-2f51a63b389c4a42afa5b546e4f90166,2f51a63b389c4a42afa5b546e4f90166,0.8139147490714056,distance_m
1542799347698152-2b92bd1ee0d042fc982e0f2d9e118fb2,2b92bd1ee0d042fc982e0f2d9e118fb2,0.6031955013014983,distance_m
1542799348149388-a1314158808d4881a31159a8bda55eed,a1314158808d4881a31159a8bda55eed,0.666761357862346,distance_m
1542799348649809-75095aa9246548d3828c49560503ac6a,75095aa9246548d3828c49560503ac6a,0.9583176828083801,distance_m
1542799349150252-2fd7d4c5a1c14f2baceb354cc049866c,2fd7d4c5a1c14f2baceb354cc049866c,0.7331374933459199,distance_m
1542799349649556-d6297a6fb5da4257935e7792c5ac2ad1,d6297a6fb5da4257935e7792c5ac2ad1,1.2607324721515811,distance_m
1542799350148879-93e406fbff494e06b31110c723ea6210,93e406fbff494e06b31110c723ea6210,1.8647089743986873,distance_m
1542799350648763-6260ad08aebf4f62acdbf6adbaa3a6e2,6260ad08aebf4f62acdbf6adbaa3a6e2,1.7071681769406433,distance_m
1542799351148077-590dfd438d7349b5923a49b9d71a952a,590dfd438d7349b5923a49b9d71a952a,0.35589895036392766,distance_m
1542799402147043-79f6489272c24d3ebc5e225ce6ff2aea,79f6489272c24d3ebc5e225ce6ff2aea,125.78471712098842,distance_m
1542799402546833-caa701c185b94d9f948883bd65be2cd3,caa701c185b94d9f948883bd65be2cd3,77.24827346025101,distance_m
1542799403046736-baf74406530343b3938586c496916614,baf74406530343b3938586c496916614,168.55006674575955,distance_m
1542799403546585-b67e66fd6b5540c8aa73ed2129af12c4,b67e66fd6b5540c8aa73ed2129af12c4,88.057509617295,distance_m
1542799404046477-331fa27d969c420597348566ae423e15,331fa27d969c420597348566ae423e15,113.33020875449176,distance_m
1542799404546890-3eada6f4b3e84f94866e87b8afabf26f,3eada6f4b3e84f94866e87b8afabf26f,140.3500089063054,distance_m
1542799405047879-5f221615ec684b2bb1ca2a16a4c64631,5f221615ec684b2bb1ca2a16a4c64631,307.3204684156147,distance_m
1542799405548315-4a41494da2af427e88ddb85259806046,4a41494da2af427e88ddb85259806046,133.1920605741949,distance_m
1542799406048200-5cf7c45953ca4a0e9a772faf5833edda,5cf7c45953ca4a0e9a772faf5833edda,23.730254950168572,distance_m
1542799406548632-9fa6e5f94026465cb1f2acdf414c304b,9fa6e5f94026465cb1f2acdf414c304b,25.161975280172264,distance_m
1542799407049028-f8de8186b0b046418127ad7007a206c7,f8de8186b0b046418127ad7007a206c7,29.139749484166813,distance_m
1542799408049332-18b21060f2684bda9bf2105be9516e7e,18b21060f2684bda9bf2105be9516e7e,24.95245478905833,distance_m
1542799410549442-00d35920c6b94243b9f4ab6c1c4b9388,00d35920c6b94243b9f4ab6c1c4b9388,95.81557806536472,distance_m
1542799410948520-f55a163cb79348b2a2590558b81517a3,f55a163cb79348b2a2590558b81517a3,36.20946008987154,distance_m
1542799411448395-8a75ea80dd4646d7bf2775ccfd012db6,8a75ea80dd4646d7bf2775ccfd012db6,42.850029171518656,distance_m
1542799411948273-bb4f3cfb564f47a3bb9b9313e19365c2,bb4f3cfb564f47a3bb9b9313e19365c2,32.6209288647641,distance_m
1542799412447578-d1d38dddb8174acf9cb776ec6c941024,d1d38dddb8174acf9cb776ec6c941024,17.553489681541958,distance_m
1542799412946906-b2f43ac0111945a3b3b08af102d2a8ab,b2f43ac0111945a3b3b08af102d2a8ab,347.88220805256594,distance_m
1542799413446232-42060e0081f249d7bcb5d2a0aa4e980a,42060e0081f249d7bcb5d2a0aa4e980a,85.00345113830872,distance_m
1542799413946660-50f1c83c63ec40fcae6615e8a6a19a23,50f1c83c63ec40fcae6615e8a6a19a23,1.0207381937449451,distance_m
1542799414447086-50e79730507349fc9763b68a8e779a41,50e79730507349fc9763b68a8e779a41,3.855887580949134,distance_m
1542799414897207-4fbc81383e0244f898fdb5dc1ea6cd6e,4fbc81383e0244f898fdb5dc1ea6cd6e,353.4048780585006,distance_m
1542799415448004-72cf72aa387f47c68347d9a108e698f3,72cf72aa387f47c68347d9a108e698f3,33.213325638966054,distance_m
1542799415947850-a3d51357165948e294511359f8aa71cf,a3d51357165948e294511359f8aa71cf,2.5268914778428786,distance_m
1542799416447710-01cf25932e6a449e9398b0a0219de47e,01cf25932e6a449e9398b0a0219de47e,0.9546670725525528,distance_m
1542799416948122-a08ae80f74dd46e0afcb3c740ff6ea53,a08ae80f74dd46e0afcb3c740ff6ea53,89.33154538011755,distance_m
1542799417448607-c3240502fa1e42f1aef31b01d7abe539,c3240502fa1e42f1aef31b01d7abe539,0.6241944630703872,distance_m
1542799417949014-ccaa343a0cb64f5fb1be6820528c44ab,ccaa343a0cb64f5fb1be6820528c44ab,365.8364931481133,distance_m
1542799418449435-0d59bd91a1bc4098aa0d40b657641f4e,0d59bd91a1bc4098aa0d40b657641f4e,67.23888741954285,distance_m
1542799418949324-1f7bbb7aa80e4f21a106c80392af97b9,1f7bbb7aa80e4f21a106c80392af97b9,59.482140176695054,distance_m
1542799420448921-7b87839d31ca488dbf158481cf542658,7b87839d31ca488dbf158481cf542658,0.8551177911442148,distance_m
1542799420949382-7648e687a9b1464bab1c5f4a126507cb,7648e687a9b1464bab1c5f4a126507cb,0.9227548822838202,distance_m
1542799421448748-92e329cfbaaf4cde86938c173fee33d7,92e329cfbaaf4cde86938c173fee33d7,0.38765407145949377,distance_m
1542799421948553-28eb331d407e41e0804cdd59b02fb7a4,28eb331d407e41e0804cdd59b02fb7a4,0.17327405614577834,distance_m
1542799422148195-617899966d3e4fea9042a1f1a26b764e,617899966d3e4fea9042a1f1a26b764e,0.36255944510057014,distance_m
1542799422648595-b1432ecbe5f741d6b61b0663723f44b2,b1432ecbe5f741d6b61b0663723f44b2,0.3344304412304385,distance_m
1542799423148481-6f07416b98d14cccbef1ca05f43bb72e,6f07416b98d14cccbef1ca05f43bb72e,0.2836708717636404,distance_m
1542799423648382-6e2c3941fc4e496da62ce4e3e94d96fb,6e2c3941fc4e496da62ce4e3e94d96fb,0.669670125774372,distance_m
1542799424148241-6b9a36508b994d95927d7b2af790db05,6b9a36508b994d95927d7b2af790db05,0.5219602222702009,distance_m
1542799424647545-c6d18bda94224330b898c3c2ff32fa74,c6d18bda94224330b898c3c2ff32fa74,0.5443089132184147,distance_m
1542799425147434-b887eb4ea7574634a95f596fe865f220,b887eb4ea7574634a95f596fe865f220,0.7953224298285658,distance_m
1542799425647857-e0233c48f9714711b8fa97ee05b4a8a2,e0233c48f9714711b8fa97ee05b4a8a2,1.0600905989700866,distance_m
1542799426147728-37d315c9932449ac8eeb9180c7be0f47,37d315c9932449ac8eeb9180c7be0f47,1.5689355104542406,distance_m
1542799426698718-e1b741c0b3a342e789365174a36764f6,e1b741c0b3a342e789365174a36764f6,1.6525412596519788,distance_m
1542799427198351-cd1b9e250a4a4a71bd7bf0b8168a7bdc,cd1b9e250a4a4a71bd7bf0b8168a7bdc,290.0864095403299,distance_m
1542799427698228-14032ef9a5194010a189dd4e822d1f5e,14032ef9a5194010a189dd4e822d1f5e,1.8265451223817715,distance_m
1542799428198114-1379376eeb0c4a5487c382e142095998,1379376eeb0c4a5487c382e142095998,1.668113955338132,distance_m
1542799428697986-6bd5de0189e74d99955442e20be26019,6bd5de0189e74d99955442e20be26019,1.5802665001516594,distance_m
1542799429197317-4eed032931e440998413614c733f4ce1,4eed032931e440998413614c733f4ce1,6.107571084890385,distance_m
1542799429797267-6582e6af1b174290b37bbbe623f004d4,6582e6af1b174290b37bbbe623f004d4,24.624965831489813,distance_m
1542799430297139-388f452488174a08badefaf26028a36e,388f452488174a08badefaf26028a36e,1.1624113311687698,distance_m
1542799430797015-dfed538b6d0840a398f5a2b6c286f0b2,dfed538b6d0840a398f5a2b6c286f0b2,4.042704683902615,distance_m
1542799431297475-f2bd4bd844194295b0f0aa843e844757,f2bd4bd844194295b0f0aa843e844757,5.418296921901775,distance_m
1542799431897962-17d12b9725ce49fba738ae3a0bb3ca78,17d12b9725ce49fba738ae3a0bb3ca78,2.8775221940239573,distance_m
1542799432397835-e9550049ef9744748dae20aa0dc99845,e9550049ef9744748dae20aa0dc99845,0.7555788903526686,distance_m
1542799432898273-a4f6e9bece474451a35aae26ef837394,a4f6e9bece474451a35aae26ef837394,1.2053457168361386,distance_m
1542799433448499-4baa89b0de744b06b2a89f5ff15f3c71,4baa89b0de744b06b2a89f5ff15f3c71,1.017525002822469,distance_m
1542799433948899-4c899c8331654a26817ac9ae9a0ae8f9,4c899c8331654a26817ac9ae9a0ae8f9,0.6328465220373474,distance_m
1542799434448213-9a12dd1281234caaafb32edfe77254e1,9a12dd1281234caaafb32edfe77254e1,0.2897668764646066,distance_m
1542799434948114-1d0ccce7fc284ab5848b6a5055cf6f14,1d0ccce7fc284ab5848b6a5055cf6f14,0.7073132094243366,distance_m
1542799435448023-979ebe32c3154795bd17e6e5765d83ea,979ebe32c3154795bd17e6e5765d83ea,0.6681480247441028,distance_m
1542799435947849-07984a39f9b042819fd93ef41e4c0981,07984a39f9b042819fd93ef41e4c0981,1.0858035041704277,distance_m
1542799436447731-78d7c6d89c424c7a91a88d13c648fb4e,78d7c6d89c424c7a91a88d13c648fb4e,0.9962717470188184,distance_m
1542799436947651-1a776100d0974c0b9edc9bb80a842b54,1a776100d0974c0b9edc9bb80a842b54,1.188769000015471,distance_m
1542799437447472-d1e5fd1ccc3d4e73a5991edf4eab0a93,d1e5fd1ccc3d4e73a5991edf4eab0a93,1.3179707067463398,distance_m
1542799437947359-1283c0973e724bad84a45b7b93124bb1,1283c0973e724bad84a45b7b93124bb1,1.249895157687443,distance_m
1542799438447844-a99564dd9bd443809b1f69fe4568e9c8,a99564dd9bd443809b1f69fe4568e9c8,1.2585826456557465,distance_m
1542799438947663-39711a523be04ea4b5dff56099d623eb,39711a523be04ea4b5dff56099d623eb,1.9534620411968822,distance_m
1542799439448115-62a84ee738a747dfa124dee4d8f89b52,62a84ee738a747dfa124dee4d8f89b52,0.9457680367391309,distance_m
1542799439947979-2e849ae04cf34bbeb2076be2238b01d0,2e849ae04cf34bbeb2076be2238b01d0,1.6189148394448913,distance_m
1542799440448392-5959d2869d284e3f94fc733eadd28d57,5959d2869d284e3f94fc733eadd28d57,1.6088529565899348,distance_m
1542799440948272-ee28bf75bb1540ac912b4564e9aedc77,ee28bf75bb1540ac912b4564e9aedc77,1.352032009843914,distance_m
1542799441448721-a684c07d8afa4a3ea417d55a150af106,a684c07d8afa4a3ea417d55a150af106,1.6863772413378049,distance_m
1542799441948596-4f371688b8af4d2bac93df275036b909,4f371688b8af4d2bac93df275036b909,1.3563931077814257,distance_m
1542799482148234-42c250251b504ee8a5f1e49def135715,42c250251b504ee8a5f1e49def135715,33.79533991543804,distance_m
1542799482648108-555ff9b6155a4dc89641f371b69a836a,555ff9b6155a4dc89641f371b69a836a,10.32593821403169,distance_m
1542799483147444-f912cfd531f146f1b2cab1f3406fdef1,f912cfd531f146f1b2cab1f3406fdef1,40.288025516274686,distance_m
1542799483647860-2ee8eafc070e45679c9c4cf8a695aeb7,2ee8eafc070e45679c9c4cf8a695aeb7,16.796577032240826,distance_m
1542799484148304-7feaed03e4124fa58ff3084605916be6,7feaed03e4124fa58ff3084605916be6,17.751760476076733,distance_m
1542799484648192-291a44ae4e5d4bb8b265bac70f4764ea,291a44ae4e5d4bb8b265bac70f4764ea,23.15437323703667,distance_m
1542799485148043-44472e91e4904f67a5619e31e76db0ee,44472e91e4904f67a5619e31e76db0ee,20.251543151078636,distance_m
1542799485647957-55b9812e9276478b9860edab6a2ef3e6,55b9812e9276478b9860edab6a2ef3e6,16.90044378115557,distance_m
1542799486147793-3ec53763334042498b721e8110e0b5b2,3ec53763334042498b721e8110e0b5b2,22.630178965266712,distance_m
1542799486647698-b615d1afcff44bbab1a3e34f76a64942,b615d1afcff44bbab1a3e34f76a64942,21.357083134173543,distance_m
1542799487147564-01c3289b91cc49c2b561901abf261c2c,01c3289b91cc49c2b561901abf261c2c,9.253377761660873,distance_m
1542799487647447-369487006f5a4bff82f96a3567858492,369487006f5a4bff82f96a3567858492,22.674324686746463,distance_m
1542799488147849-ed52e131d60e4e309cb0e9830ba337b7,ed52e131d60e4e309cb0e9830ba337b7,43.071162046083685,distance_m
1542799488647762-ba0037cbbc6245bda84470f89b47d32f,ba0037cbbc6245bda84470f89b47d32f,15.988276955319481,distance_m
1542799489147635-e44b97393b8b4126af6ffc2577883e35,e44b97393b8b4126af6ffc2577883e35,53.344399893522095,distance_m
1542799489648036-4c1be72a4c89421eb18a303c284828df,4c1be72a4c89421eb18a303c284828df,269.4849253668932,distance_m
1542799490148463-077128a4309a49aca94390baf1c05cfc,077128a4309a49aca94390baf1c05cfc,35.179894826448816,distance_m
1542799490648335-358099a675ed4ae490a612c4c298cbf0,358099a675ed4ae490a612c4c298cbf0,19.121323175972943,distance_m
1542799491147668-308526aaea2943df901f9c905d00a4f2,308526aaea2943df901f9c905d00a4f2,17.596164354767776,distance_m
1542799493147825-10ff71451f7245d392410e8575a68934,10ff71451f7245d392410e8575a68934,53.06717441130628,distance_m
1542799495697968-16e9d365c1084c97a0702357646bc3e1,16e9d365c1084c97a0702357646bc3e1,44.22810192626403,distance_m
1542799496197844-58cf35a1ae754c1fa5204699f477f15e,58cf35a1ae754c1fa5204699f477f15e,23.175957369653577,distance_m
1542799496697716-b8849fcd11d14e499aea2ee258d8b581,b8849fcd11d14e499aea2ee258d8b581,24.61960600822036,distance_m
1542799497197598-b44e59e4a1e345b89940db8801b7e9d4,b44e59e4a1e345b89940db8801b7e9d4,51.02082907989638,distance_m
1542799497696924-ac2609508d664565b41cb88a5815360a,ac2609508d664565b41cb88a5815360a,29.776248924268483,distance_m
1542799498196825-2e4c526a088741c28f8ea25d97e1c8fb,2e4c526a088741c28f8ea25d97e1c8fb,55.996651685614204,distance_m
1542799498696698-79a10e4d9e5b49e980a8897d6f09f450,79a10e4d9e5b49e980a8897d6f09f450,5.303300858899107,distance_m
1542799499197138-49d971253fcf461db80e7c30f85e3005,49d971253fcf461db80e7c30f85e3005,21.86606960566988,distance_m
1542799499697557-8190acd9425a4cdfafc1f63989b8794a,8190acd9425a4cdfafc1f63989b8794a,22.262636860893185,distance_m
1542799500198551-634350e36e1543c78b7a1e75eeb40de7,634350e36e1543c78b7a1e75eeb40de7,20.263884129159443,distance_m
1542799500698404-dd9273a1019a4eba8ef36232a45dd23f,dd9273a1019a4eba8ef36232a45dd23f,41.22650846239589,distance_m
1542799501198279-fcb1422b6f6241939953d032f2cc2ce8,fcb1422b6f6241939953d032f2cc2ce8,59.55354733347124,distance_m
1542799501698150-4b36703115d547dc8611741eb213da76,4b36703115d547dc8611741eb213da76,30.985883882826386,distance_m
1542799522398224-b62a484b94a04ae4b1b2729fb2064696,b62a484b94a04ae4b1b2729fb2064696,26.80718187352039,distance_m
1542799522898088-f5d54192b13b432db8667d471d0d5690,f5d54192b13b432db8667d471d0d5690,22.69636534778201,distance_m
1542799523448309-c498944e41d143a99f9d2598b1b86cce,c498944e41d143a99f9d2598b1b86cce,22.674324686746463,distance_m
1542799523898393-3dbf7daf29614311969bd1b9ed3e7e70,3dbf7daf29614311969bd1b9ed3e7e70,373.5707764266364,distance_m
1542799524397736-a354f38681ff451c9fd5d33f696e54b4,a354f38681ff451c9fd5d33f696e54b4,26.779189681541897,distance_m
1542799524947915-6a26b8244fc1466f9f52387039718f6f,6a26b8244fc1466f9f52387039718f6f,25.458299236201935,distance_m
1542799525447813-0c4faeb94da6430f8c1c581ac5adbb79,0c4faeb94da6430f8c1c581ac5adbb79,38.988780437454054,distance_m
1542799525947676-08b9ccadbe4c47849755e1fee5ba157a,08b9ccadbe4c47849755e1fee5ba157a,22.860992979308662,distance_m
1542799526447556-f3e8b54ec6254434a5c1c0051d94476f,f3e8b54ec6254434a5c1c0051d94476f,24.09616152004298,distance_m
1542799526947972-c82417563e44430e9e59224e36872f4e,c82417563e44430e9e59224e36872f4e,25.790017448617593,distance_m
1542799527447311-6f5c95dd443d41e18b793e0debd5dc3b,6f5c95dd443d41e18b793e0debd5dc3b,28.30415163893806,distance_m
1542799527947176-22604ed0b4234a8bafcb4be0eb38ee19,22604ed0b4234a8bafcb4be0eb38ee19,24.40542972373156,distance_m
1542799528447085-12db2c7ea88e4708b422985835988fc7,12db2c7ea88e4708b422985835988fc7,0.22203262129675835,distance_m
1542799528947481-4b0c2b4afa3940f78d68d5666cf93adc,4b0c2b4afa3940f78d68d5666cf93adc,31.114707133444146,distance_m
1542799529447904-f722e39f910049d7955a64df0b4c424a,f722e39f910049d7955a64df0b4c424a,13.66107609231425,distance_m
1542799529947835-b8057780366942b1a2649b502effc975,b8057780366942b1a2649b502effc975,46.84682486572596,distance_m
1542799530448235-c44adb5b12df471e8173293014f09e0a,c44adb5b12df471e8173293014f09e0a,0.6339547639891921,distance_m
1542799530948083-805f3923fbef40c28d3a2c21b0f4dd1b,805f3923fbef40c28d3a2c21b0f4dd1b,1.2365272253409776,distance_m
1542799531447964-610ba6b2dbef474fa902fc950798d55f,610ba6b2dbef474fa902fc950798d55f,19.49679460834524,distance_m
1542799531948409-cce6922361124fd0b4c5f28acf78d65d,cce6922361124fd0b4c5f28acf78d65d,26.050431858224538,distance_m
1542799532448272-b1b4b2f5893d47d88c3e3504ad616139,b1b4b2f5893d47d88c3e3504ad616139,16.019519343600795,distance_m
1542799532948166-016a779289694d1e9b22d9d716c50275,016a779289694d1e9b22d9d716c50275,0.7112655396747908,distance_m
1542799533448017-1f73768be216451fa02caa38b04a62b3,1f73768be216451fa02caa38b04a62b3,1.1475554440578777,distance_m
1542799533947931-b9507f86eb3547bd9a5c387b42f156cc,b9507f86eb3547bd9a5c387b42f156cc,0.8527241584860997,distance_m
1542799534448352-3e8da1f918d5488bb639d26fca75b8d8,3e8da1f918d5488bb639d26fca75b8d8,0.19068191886541008,distance_m
1542799534948752-aef5b6d3953b48bd890db7e7204e6d68,aef5b6d3953b48bd890db7e7204e6d68,47.661567326306006,distance_m
1542799535448631-9ad02057efee422b9845f563b8565485,9ad02057efee422b9845f563b8565485,1.1924144141744621,distance_m
1542799535948507-784ad47350e04cb3977f8a3902a9aa8c,784ad47350e04cb3977f8a3902a9aa8c,35.75087411518773,distance_m
1542799536448452-6961c0f548444b1ca848236edf91a33e,6961c0f548444b1ca848236edf91a33e,15.31747368204039,distance_m
1542799536947187-1fcc8d01ea7048a9a9eb0eb161778026,1fcc8d01ea7048a9a9eb0eb161778026,14.90385856078888,distance_m
1542799537446474-d049eb8f528e43809851f95de3dddd72,d049eb8f528e43809851f95de3dddd72,1.1566723344868652,distance_m
1542799537946348-7c21c98a10a04997975b8d527e15bc81,7c21c98a10a04997975b8d527e15bc81,6.812325428197707,distance_m
1542799538447351-6efe4c12a80d45e0902bde055cc741ba,6efe4c12a80d45e0902bde055cc741ba,7.405068053445923,distance_m
1542799538948340-868313d0288e4f9aa0535dbd437cede1,868313d0288e4f9aa0535dbd437cede1,54.01504420066691,distance_m
1542799539448760-f0890b4cf8ca4ee593cc7ceb21645c60,f0890b4cf8ca4ee593cc7ceb21645c60,60.99282744716792,distance_m
1542799539949176-23a90ef5424a4aac9a7c038e26eb6957,23a90ef5424a4aac9a7c038e26eb6957,74.69019346607692,distance_m
1542799540448512-8e017cbbe6dc48c6b025f364941543f1,8e017cbbe6dc48c6b025f364941543f1,0.5181765358436584,distance_m
1542799540948385-faef6b0f79a949a790a39ffadbbfc302,faef6b0f79a949a790a39ffadbbfc302,58.39199431428935,distance_m
1542799541448248-a62d2900f9a24d0691da11c669cf5eef,a62d2900f9a24d0691da11c669cf5eef,0.6047930305777546,distance_m
1542799541948149-9435f31153e845c59b8481126eadc094,9435f31153e845c59b8481126eadc094,52.451167765837205,distance_m
1542799542148297-dc2def2a7bc94693b67eba2ffbe13a56,dc2def2a7bc94693b67eba2ffbe13a56,57.21123141481924,distance_m
1542799542648730-d528a32b7367451e84f119068d4568a0,d528a32b7367451e84f119068d4568a0,0.8122725281557743,distance_m
1542799543148073-6350cb22be8c458792dee63332f31617,6350cb22be8c458792dee63332f31617,42.850029171518656,distance_m
1542799543647403-7aac5fbd9a7348ce9f85890881ec0dfb,7aac5fbd9a7348ce9f85890881ec0dfb,65.54864605771807,distance_m
1542799544147259-cc4e11cedcc84ec9add244318e24367e,cc4e11cedcc84ec9add244318e24367e,1.112353871879604,distance_m
1542799544647181-32e623d951244e09a4ae29f2d0bcf901,32e623d951244e09a4ae29f2d0bcf901,1.7929754562802034,distance_m
1542799545197404-e504fa8b548f4ae48bf687918ef001b4,e504fa8b548f4ae48bf687918ef001b4,18.478109020701552,distance_m
1542799545697753-9e6eb8eefe2f4facabe681aca09cea2d,9e6eb8eefe2f4facabe681aca09cea2d,57.581464031405105,distance_m
1542799546198732-c2848cc504144003a6e1eac71a6918b9,c2848cc504144003a6e1eac71a6918b9,56.9264876836785,distance_m
1542799546699165-f7a93963d6cc431099c3e6943cda4d72,f7a93963d6cc431099c3e6943cda4d72,1.593747007050963,distance_m
1542799547198488-0acd18a285544d33a6bbb11fe37af5bd,0acd18a285544d33a6bbb11fe37af5bd,1.098673480503568,distance_m
1542799547698941-092eac44a74545b39d53c642a06eaa2e,092eac44a74545b39d53c642a06eaa2e,204.78433778001676,distance_m
1542799548199342-ccc19df4b0784fb28d67f76645641bc7,ccc19df4b0784fb28d67f76645641bc7,1.4011388851021473,distance_m
1542799548698670-35631dcce7344b718daeb946b5f93885,35631dcce7344b718daeb946b5f93885,1.1781336137336857,distance_m
1542799549198546-f3fc850f424f44ae866df4abf31f8061,f3fc850f424f44ae866df4abf31f8061,62.2545179083414,distance_m
1542799549698418-d9288fbf3bfc4385882d8d370ed76bd5,d9288fbf3bfc4385882d8d370ed76bd5,0.3532161261425686,distance_m
1542799550698746-219b015962a64430a81777d8befc808d,219b015962a64430a81777d8befc808d,349.75723723748735,distance_m
1542799551698494-62c42fb649fa4219a5798e454fafcf58,62c42fb649fa4219a5798e454fafcf58,0.34021548562111154,distance_m
1542799552198348-eb921f246e03450eb33e1653429ee60b,eb921f246e03450eb33e1653429ee60b,293.7118060276093,distance_m
1542799553198097-3adfe1171bb448f9a639e4bc3bc3dc11,3adfe1171bb448f9a639e4bc3bc3dc11,0.8638302110879652,distance_m
1542799553697985-957fae2cf2444a1b96034143dc2a5ca9,957fae2cf2444a1b96034143dc2a5ca9,1.0733860638686052,distance_m
1542799554197850-90c191b41e6641c9bd4a66b3cb90bf74,90c191b41e6641c9bd4a66b3cb90bf74,0.6121281069954508,distance_m
1542799554697729-41664d45adc8443cb32b2020b37dbbf1,41664d45adc8443cb32b2020b37dbbf1,1.8041347506711023,distance_m
1542799555197603-e837c2061aa14c56bc2b1969f56dc372,e837c2061aa14c56bc2b1969f56dc372,57.55355944967696,distance_m
1542799555697482-b1193640cf1f41e5b5baa193e241d92b,b1193640cf1f41e5b5baa193e241d92b,59.4413197934687,distance_m
1542799556197382-67ecfc106e28417a85c3279ed4bcfedf,67ecfc106e28417a85c3279ed4bcfedf,1.0080057659347312,distance_m
1542799556697237-0b356d1230cc4cf9b50580c6b432576f,0b356d1230cc4cf9b50580c6b432576f,0.5854800637354207,distance_m
1542799557197659-6b2940c61a9840fe85adff941ad9830f,6b2940c61a9840fe85adff941ad9830f,55.05473417500398,distance_m
1542799557698096-a1f3ed12220f4c10995f180ba3a34d21,a1f3ed12220f4c10995f180ba3a34d21,13.93343836927262,distance_m
1542799558198533-935ddd79f2cc4b6a81395cde46290fff,935ddd79f2cc4b6a81395cde46290fff,57.748622558974546,distance_m
1542799558698960-b6d6b3c2d1844f239791f7ca22ba5e8a,b6d6b3c2d1844f239791f7ca22ba5e8a,0.5723465172274703,distance_m
1542799559198837-4cf91043db79443a9dc39dd00dfb7be9,4cf91043db79443a9dc39dd00dfb7be9,1.5693949342428035,distance_m
1542799559648383-f03bb2a5eda24b828a35c5608cf2da4f,f03bb2a5eda24b828a35c5608cf2da4f,0.46414960280725776,distance_m
1542799560148300-6890e9da1f984d18bc94cfb83711c4af,6890e9da1f984d18bc94cfb83711c4af,0.7722241371430018,distance_m
1542799560648143-dee33589ca94410dad99c70165ad9a98,dee33589ca94410dad99c70165ad9a98,0.2979756798511196,distance_m
1542799561148033-74c1ef82713c44199e83c20ad6312637,74c1ef82713c44199e83c20ad6312637,67.27648177483718,distance_m
1542799561647941-0888060b915444b592ab9ae2527b9d80,0888060b915444b592ab9ae2527b9d80,0.8146262072003315,distance_m
1542799562397703-21bb21c84c3e43908cd554db2686278f,21bb21c84c3e43908cd554db2686278f,1.1947093745819972,distance_m
1542799562897577-26b9393e37b942d9ad7a8a32adc0a225,26b9393e37b942d9ad7a8a32adc0a225,0.723147791881713,distance_m
1542799563397457-3254a488120c40ea83c267121b188991,3254a488120c40ea83c267121b188991,0.6870848490416294,distance_m
1542799563897902-f13ad971e0d74e6bbb41ce7cc2aa5f0e,f13ad971e0d74e6bbb41ce7cc2aa5f0e,0.57471048406499,distance_m
1542799564398349-d15d80fd4f7b4a0b99f3c63cc13768db,d15d80fd4f7b4a0b99f3c63cc13768db,0.5920397127607258,distance_m
1542799564947975-fc6ff393834243af95604b50850c6304,fc6ff393834243af95604b50850c6304,0.6301067538304681,distance_m
1542799565447857-79406e8b19fd4b1590c1817d6a4508d8,79406e8b19fd4b1590c1817d6a4508d8,1.1331930646108572,distance_m
1542799565947714-f38b2f1a03b442318bf2eb0e60eea0b5,f38b2f1a03b442318bf2eb0e60eea0b5,8.385301490929763,distance_m
1542799566447608-c13f03c36a0247f98f499cb7378a6f6c,c13f03c36a0247f98f499cb7378a6f6c,0.8954329376512554,distance_m
1542799566948015-99a4c956cb4f44cc975680994c6bb40a,99a4c956cb4f44cc975680994c6bb40a,1.0667787658054686,distance_m
1542799567447913-f0ad08f06d9a4b3288aca8f527180025,f0ad08f06d9a4b3288aca8f527180025,0.4843949843951805,distance_m
1542799567947767-c880188955834ebaa53cc8bc887327d8,c880188955834ebaa53cc8bc887327d8,0.691534005479453,distance_m
1542799568448220-f301b9578e27437e9fc81942ae2d2539,f301b9578e27437e9fc81942ae2d2539,0.6911975111535721,distance_m
1542799568947525-b4526fe3529f423faf52b6165e41e828,b4526fe3529f423faf52b6165e41e828,0.4232730780881013,distance_m
1542799569397076-259ea3f1558d4f4ebbff3f8a73922c4e,259ea3f1558d4f4ebbff3f8a73922c4e,0.6816343535202799,distance_m
1542799569897505-43b92f490cb64c2f98f0534678db42a2,43b92f490cb64c2f98f0534678db42a2,0.10461034119868931,distance_m
1542799570448250-198b5dbadb9f4bc5b3447496aa4d6020,198b5dbadb9f4bc5b3447496aa4d6020,0.7577011639022635,distance_m
1542799570948134-98bf797f546c458dba043f2a8968bed4,98bf797f546c458dba043f2a8968bed4,7.308804054539324,distance_m
1542799571448014-bb3e8ff2ec754db2a21024ddd9c32e64,bb3e8ff2ec754db2a21024ddd9c32e64,0.44846698775954863,distance_m
1542799571947887-a36ddb26940e4863bc8df270c2678b57,a36ddb26940e4863bc8df270c2678b57,50.81857649804535,distance_m
1542799572447802-118f9c1053414ef79f93cd483d16a48c,118f9c1053414ef79f93cd483d16a48c,73.88339529239997,distance_m
1542799572947632-1e900112bcaa453992d9753b465a7d01,1e900112bcaa453992d9753b465a7d01,1.126768124500655,distance_m
1542799573448062-5bb3471504034b869f8ab0d4f7060d4b,5bb3471504034b869f8ab0d4f7060d4b,93.1967005853748,distance_m
1542799573948491-7e33c76cba554286bfdd8b02da989b8b,7e33c76cba554286bfdd8b02da989b8b,0.28411474875876147,distance_m
1542799574447837-d23b0449ea1f410cbf7004ccca4abb04,d23b0449ea1f410cbf7004ccca4abb04,0.8659914357949235,distance_m
1542799574948243-33f8c4af7f9f47c29a8ce676c0f3615b,33f8c4af7f9f47c29a8ce676c0f3615b,1.2084556366041905,distance_m
1542799575397804-3b81571adb55435d82104361acfeb487,3b81571adb55435d82104361acfeb487,23.41206953688631,distance_m
1542799575898225-00ceddb08436493d9f9c37deedfdfa3c,00ceddb08436493d9f9c37deedfdfa3c,23.730254950168572,distance_m
1542799576398107-653b373249514432a921b85fe8e7cf06,653b373249514432a921b85fe8e7cf06,60.653620281319704,distance_m
1542799576897982-84324196e7234066973546a167720e54,84324196e7234066973546a167720e54,1.7760628150932463,distance_m
1542799577397306-e60824798dca4dad9ee4e26dcbe02b06,e60824798dca4dad9ee4e26dcbe02b06,56.33611715169846,distance_m
1542799577897739-454f203ec59a4326b66d1982814fa50e,454f203ec59a4326b66d1982814fa50e,7.505637490379153,distance_m
1542799578397613-e2ce3f8e23da49c1bbed0cec26fd3dba,e2ce3f8e23da49c1bbed0cec26fd3dba,34.40385152857162,distance_m
1542799578897484-4ed8916b5144428295e66f5a54da6704,4ed8916b5144428295e66f5a54da6704,14.592360242627747,distance_m
1542799579448289-54d5b3077ce2424e8eb811902df7d94a,54d5b3077ce2424e8eb811902df7d94a,5.518145918692949,distance_m
1542799579948671-f153f6d0c496494e8db0704a315e8e1f,f153f6d0c496494e8db0704a315e8e1f,37.89623991902099,distance_m
1542799580449104-1a3e4321b1dd4d4ea90590dcc81b29e0,1a3e4321b1dd4d4ea90590dcc81b29e0,50.77754528813983,distance_m
1542799580948418-c01ae42e1d544a66a5fa11366655d042,c01ae42e1d544a66a5fa11366655d042,0.5020644710082947,distance_m
1542799581448322-30f3ba4647a0457fac5d8aec606a956e,30f3ba4647a0457fac5d8aec606a956e,37.72641639052907,distance_m
1542799581948164-887e6f18b1b341d9b55bc4289c2e0388,887e6f18b1b341d9b55bc4289c2e0388,1.1414764850302563,distance_m
1542799582398280-b6a9d120895e4207a0527ad4b3284d42,b6a9d120895e4207a0527ad4b3284d42,0.6176491188677421,distance_m
1542799582898159-15abe67860824b53876918fa681b1b38,15abe67860824b53876918fa681b1b38,0.6361899833963738,distance_m
1542799583398600-3f21669491dd40ce91c7329d3ffc7630,3f21669491dd40ce91c7329d3ffc7630,0.4217815812277174,distance_m
1542799583897918-5c7520cf0a4e4162909f2103b83f66b5,5c7520cf0a4e4162909f2103b83f66b5,0.6422451724935454,distance_m
1542799584448104-243788e0c44d494cb214f84237ef8a62,243788e0c44d494cb214f84237ef8a62,0.5784092802966051,distance_m
1542799584947997-5f816fe155674223a737d717160dc1cc,5f816fe155674223a737d717160dc1cc,0.6047915331378497,distance_m
1542799585448413-37950315c49b49e5892ad44449401452,37950315c49b49e5892ad44449401452,0.5540873323029288,distance_m
1542799585948283-a29674e62b0b4cdbb20ae86eca8d3356,a29674e62b0b4cdbb20ae86eca8d3356,0.7415332325718496,distance_m
1542799586447647-205a77495c02441193752562fab8d06e,205a77495c02441193752562fab8d06e,0.6695121891038475,distance_m
1542799586947509-6e1f02cb4e2747c6970b2d9b2e834852,6e1f02cb4e2747c6970b2d9b2e834852,0.7531245507096108,distance_m
1542799587447376-dd29902d904d4bd1a68e5e6926cd6dfc,dd29902d904d4bd1a68e5e6926cd6dfc,8.473640662617951,distance_m
1542799587948357-4b0405ae89164fbfb3638a5dde6e374c,4b0405ae89164fbfb3638a5dde6e374c,0.832259745006024,distance_m
1542799588448216-f5ecb76a1902447c8226bd1514547329,f5ecb76a1902447c8226bd1514547329,0.8867757153950903,distance_m
1542799588948088-09fe2cbdc02043d19b00e195ef5d647d,09fe2cbdc02043d19b00e195ef5d647d,0.5954728931973053,distance_m
1542799589447999-f975cc2c458b4337b682ad21650345d3,f975cc2c458b4337b682ad21650345d3,1.4154676246172109,distance_m
1542799589898077-f9cb1bb0d3404b5da0779811146b3924,f9cb1bb0d3404b5da0779811146b3924,118.50369192561048,distance_m
1542799590447734-492564515fd64974a7794710e7676c84,492564515fd64974a7794710e7676c84,1.0464652602422106,distance_m
1542799590948177-440691c43b2649e397b8d34543514b3b,440691c43b2649e397b8d34543514b3b,1.3426450462508388,distance_m
1542799591448027-e8e05e6d6cc64308abec64e1d5fbbf24,e8e05e6d6cc64308abec64e1d5fbbf24,1.2458973071324273,distance_m
1542799591947897-c30d133fc18d476e80f8df6e63ce5dc4,c30d133fc18d476e80f8df6e63ce5dc4,1.3619700586104444,distance_m
1542799592447792-5cd3757b44b44db6819d1cf0092d38cc,5cd3757b44b44db6819d1cf0092d38cc,1.3759767120383302,distance_m
1542799592947113-28e33ad25c0943b49b57f8f1346d5bd2,28e33ad25c0943b49b57f8f1346d5bd2,1.6694427666804692,distance_m
1542799593447547-65e91e3a03fe4fbba79fd17c886638e7,65e91e3a03fe4fbba79fd17c886638e7,1.7432920898112034,distance_m
1542799593947993-03bfef5ffadf4203ba4ca4a239ee620f,03bfef5ffadf4203ba4ca4a239ee620f,0.8435349912208084,distance_m
1542799594448390-165cc8e66a074fbfb489437c04a7315a,165cc8e66a074fbfb489437c04a7315a,0.7070575654800636,distance_m
1542799594948263-08461b5c6f364b1aa0549f44f84ac3be,08461b5c6f364b1aa0549f44f84ac3be,1.2149811375519106,distance_m
1542799595447611-7c07e754d1e243ce82fcc01ef1ee292f,7c07e754d1e243ce82fcc01ef1ee292f,0.9525630788411795,distance_m
1542799595947503-80d67201a7a84308803bc9ddf73b6fe5,80d67201a7a84308803bc9ddf73b6fe5,0.6917231378599853,distance_m
1542799596447923-b4068a122d9b4c0ba96aa0bc580ab0d1,b4068a122d9b4c0ba96aa0bc580ab0d1,15.311907036748112,distance_m
1542799596947794-c6749814a54341b19d882ef6fbd5cf86,c6749814a54341b19d882ef6fbd5cf86,0.9373810420818162,distance_m
1542799597448203-c80fdd925e874e828ee04f38a543748a,c80fdd925e874e828ee04f38a543748a,63.45569320399865,distance_m
1542799597948124-5bb66ba3ca5c49ce8aea4eb1b0fcc5db,5bb66ba3ca5c49ce8aea4eb1b0fcc5db,1.5130309317627546,distance_m
1542799598447950-120276372380404b9a45ffa6a5bd4559,120276372380404b9a45ffa6a5bd4559,30.872722588071174,distance_m
1542799598947857-66eaa9cb4bfd43d2a80be2fd894ef935,66eaa9cb4bfd43d2a80be2fd894ef935,39.31443755161709,distance_m
1542799599447722-e604c860ed1b4f1082cdee769fa77c60,e604c860ed1b4f1082cdee769fa77c60,28.002232053891703,distance_m
1542799599948165-589b79f60b334f0ea1c877438471b60f,589b79f60b334f0ea1c877438471b60f,47.802981078589646,distance_m
1542799600447455-ac4b1d99334240af84cbf2d4da16fbb1,ac4b1d99334240af84cbf2d4da16fbb1,27.5455483785486,distance_m
1542799600947940-99e7ddd4e7e244338c2c7799619d7161,99e7ddd4e7e244338c2c7799619d7161,43.93887800115064,distance_m
1542799601447790-a9490c46303347deb6001995ce6ac8be,a9490c46303347deb6001995ce6ac8be,4.48155895812908,distance_m
1542799601947636-ff729b4a16a74350a0faa2b094ebfb2a,ff729b4a16a74350a0faa2b094ebfb2a,1.042467976889732,distance_m
1542799602147257-2920a3315ccd4fefb30fb0468ebb2351,2920a3315ccd4fefb30fb0468ebb2351,22.269913961497338,distance_m
1542799602647686-f0c5f2e39613434ab3062df609f6a46a,f0c5f2e39613434ab3062df609f6a46a,1.1064877159214461,distance_m
1542799603148147-15e3c606ce914cb9a30c3ea7747a1779,15e3c606ce914cb9a30c3ea7747a1779,0.9137066961629428,distance_m
1542799603647990-1835a3f7c52240c2b779b6ee8b48c6f7,1835a3f7c52240c2b779b6ee8b48c6f7,4.097731680542237,distance_m
1542799604147898-f634fd065ee24e3f9524e44b8853d67e,f634fd065ee24e3f9524e44b8853d67e,100.06560348091647,distance_m
1542799604647743-23529e9ba7ec409185a315f007455400,23529e9ba7ec409185a315f007455400,70.77870442442416,distance_m
1542799605147617-48c925efa9084287ba628933921b4f1c,48c925efa9084287ba628933921b4f1c,39.73191412454225,distance_m
1542799605647515-7115cfb231ab46edb37692f015cd3140,7115cfb231ab46edb37692f015cd3140,36.12651380911255,distance_m
1542799606147409-e5a370b735c14373843d8a220867bacf,e5a370b735c14373843d8a220867bacf,1.9647149526927543,distance_m
1542799606647245-7b0c6e14258946f9aa3b81f39a5e0816,7b0c6e14258946f9aa3b81f39a5e0816,13.708167523331669,distance_m
1542799607197998-419069c2cc8f42269ffe622eca310155,419069c2cc8f42269ffe622eca310155,68.65220316930841,distance_m
1542799607697881-d20d151ade9c4229806e9664c1bda422,d20d151ade9c4229806e9664c1bda422,72.31960315156603,distance_m
1542799608147456-ea55d8b565a54b8785b97c5610952ef0,ea55d8b565a54b8785b97c5610952ef0,2.4305594976858482,distance_m
1542799608647320-01c84516375e4900b7e350c4ae62d81c,01c84516375e4900b7e350c4ae62d81c,25.731789677362126,distance_m
1542799609147732-e004cf11fde44ad89b1bd79edff64150,e004cf11fde44ad89b1bd79edff64150,78.29830777226287,distance_m
1542799609648165-7bfe5634a8e54d1bb6f8df22761857a5,7bfe5634a8e54d1bb6f8df22761857a5,82.82285312641675,distance_m
1542799610148070-dd281ba4975241d9b4c8468b639820d6,dd281ba4975241d9b4c8468b639820d6,82.63477283117817,distance_m
1542799610647358-545af4816b4a41f5ba6a8265e9261677,545af4816b4a41f5ba6a8265e9261677,62.486998647718714,distance_m
1542799611147795-c63b338cc38a425da3bd956cf5c4b776,c63b338cc38a425da3bd956cf5c4b776,67.19840027857806,distance_m
1542799611647703-8418f22ec0d94a08ae038768abae743a,8418f22ec0d94a08ae038768abae743a,45.76129076578325,distance_m
1542799612148098-6a32a4b216e5484795eaf8a715cac712,6a32a4b216e5484795eaf8a715cac712,31.674230007749806,distance_m
1542799612648537-15fa345fae4c4cc1b387b0b27cfed9c2,15fa345fae4c4cc1b387b0b27cfed9c2,18.49489828739037,distance_m
1542799613148957-fd6296714eda481bac74b50c926d0565,fd6296714eda481bac74b50c926d0565,73.96367351612547,distance_m
1542799613648839-27611379b79c419e9ea1d354bf600e80,27611379b79c419e9ea1d354bf600e80,22.02555334151676,distance_m
1542799614148161-7c69019747284a47bfb2aa924fcb030c,7c69019747284a47bfb2aa924fcb030c,9.75320460156558,distance_m
1542799614648583-44963cfa9fb24e688d9dd851549c7eb7,44963cfa9fb24e688d9dd851549c7eb7,15.70429877453941,distance_m
1542799615197666-309f712254484213b110d0fc40232ff5,309f712254484213b110d0fc40232ff5,38.43338392595687,distance_m
1542799615647798-b587b544aa814cdf9a1cbc9d6819c383,b587b544aa814cdf9a1cbc9d6819c383,22.262636860893185,distance_m
1542799616148212-1ef96789b6cc49538fa307127ad46ef2,1ef96789b6cc49538fa307127ad46ef2,23.78287198805056,distance_m
1542799616647614-fcec74d888d745c0964b785dc309cf2c,fcec74d888d745c0964b785dc309cf2c,29.88519700453721,distance_m
1542799617147456-f409a006600c45a8abbcabffe54d4ea9,f409a006600c45a8abbcabffe54d4ea9,25.02248988410226,distance_m
1542799617647901-2f8f4764cb894e0b8c611e312d5bb46c,2f8f4764cb894e0b8c611e312d5bb46c,0.6094831904249448,distance_m
1542799618198039-4cff630ec8db419caed75ff4d4755918,4cff630ec8db419caed75ff4d4755918,0.7689997023935315,distance_m
1542799618697908-b227c51db2594af5aba12ccc722b7973,b227c51db2594af5aba12ccc722b7973,20.09042060286444,distance_m
1542799619197251-c3cfb27ebcdc491a800c979540f91921,c3cfb27ebcdc491a800c979540f91921,9.981232388838565,distance_m
1542799619697663-cd4fdfb5d1954149a00bad84e479b014,cd4fdfb5d1954149a00bad84e479b014,29.430001698946604,distance_m
1542799620198089-b9d7fcc30e964b7ba11099fa06d7f8bf,b9d7fcc30e964b7ba11099fa06d7f8bf,25.350049309616736,distance_m
1542799620697981-f319a0ca1d9d4f1d8f2d1401a9ec6f02,f319a0ca1d9d4f1d8f2d1401a9ec6f02,51.11873433487961,distance_m
1542799621148107-a4e8498d003242f5995e07b89762c38b,a4e8498d003242f5995e07b89762c38b,37.304490346337666,distance_m
1542799621647951-f22f8f2fc7314b028419d8332c03a049,f22f8f2fc7314b028419d8332c03a049,7.254309064273454,distance_m
1542799622147843-b58985f7ddc2454d95cb84a65d1fe9fe,b58985f7ddc2454d95cb84a65d1fe9fe,35.61074276113881,distance_m
1542799622648263-d475ca96e672440885e6920f92a7b55b,d475ca96e672440885e6920f92a7b55b,17.381743295768697,distance_m
1542799623148151-b8aa35510eae475f98cdbdf67e8531da,b8aa35510eae475f98cdbdf67e8531da,1.679460611317828,distance_m
1542799623648566-1eeeb68791084aa7b2e5d05223796e1e,1eeeb68791084aa7b2e5d05223796e1e,0.3983621974918366,distance_m
1542799624148437-ae52c4af95674bdc900000c161a5d95d,ae52c4af95674bdc900000c161a5d95d,1.1798971538733602,distance_m
1542799624648339-c7200859948a4adb90ee4d0155a0105e,c7200859948a4adb90ee4d0155a0105e,29.75945227990596,distance_m
1542799625148196-dfde680850a348f79e05d215229b8539,dfde680850a348f79e05d215229b8539,12.026013470805694,distance_m
1542799625648634-7a32eb7937e54e19b1cd7c58ec40f728,7a32eb7937e54e19b1cd7c58ec40f728,25.75121356363618,distance_m
1542799626149069-91fbcc7fba204f93b7b72a818fdb81e2,91fbcc7fba204f93b7b72a818fdb81e2,58.035549450315365,distance_m
1542799626648378-ae8a5000d89c4c998a5d6bf95ba2ace9,ae8a5000d89c4c998a5d6bf95ba2ace9,29.633173977824246,distance_m
1542799627148251-f4550267cd0240e1a1ceb844e33e97d4,f4550267cd0240e1a1ceb844e33e97d4,24.261595166023195,distance_m
1542799627647588-3f3a2be2e43d4baaa417698eea0706cb,3f3a2be2e43d4baaa417698eea0706cb,31.632657175773268,distance_m
1542799628147451-a994618073ab4613b0b68993acbdc92b,a994618073ab4613b0b68993acbdc92b,32.19666131759627,distance_m
1542799628647877-9c55684b107841d490d63195273aba84,9c55684b107841d490d63195273aba84,46.088230601749075,distance_m
1542799629148346-e75cb39a74064bcba08f7809b53102e2,e75cb39a74064bcba08f7809b53102e2,105.9982311173163,distance_m
1542799629647639-3af22799124845adbb36dac464843d09,3af22799124845adbb36dac464843d09,30.27581543080219,distance_m
1542799630148062-61ac15c29c7241d5a13c7a6c1c997fb6,61ac15c29c7241d5a13c7a6c1c997fb6,65.6667724195426,distance_m
1542799630648556-76bd17fda1da4e349558f5bd8bbf47f6,76bd17fda1da4e349558f5bd8bbf47f6,17.338540884399702,distance_m
1542799631148382-84547c06871449cdb7b3ee025b4d79e8,84547c06871449cdb7b3ee025b4d79e8,13.788582233137676,distance_m
1542799631647696-f161848f032840119785996d26004c77,f161848f032840119785996d26004c77,40.81206929328627,distance_m
1542799632147580-cd422c2fc0914342a337dda50351f686,cd422c2fc0914342a337dda50351f686,92.97109765943392,distance_m
1542799632648571-006d520cb38a457fb11e4bf1600a6eb2,006d520cb38a457fb11e4bf1600a6eb2,22.991846380836837,distance_m
1542799633198187-b364e3e790fe40b9836c19782d80df4b,b364e3e790fe40b9836c19782d80df4b,6.010407640085654,distance_m
1542799633698072-10ac57b0f93b4211b69aabe09380ece2,10ac57b0f93b4211b69aabe09380ece2,45.26726190084839,distance_m
1542799634198490-e7e97dc4f37c448184d9a423b4f659fe,e7e97dc4f37c448184d9a423b4f659fe,39.76964923154339,distance_m
1542799634698444-3e8bbbf0221e48219f2ab2cf30bd0a92,3e8bbbf0221e48219f2ab2cf30bd0a92,66.78791058267956,distance_m
1542799635297778-ee14b9434c8c4adf838d3b862ed1f62e,ee14b9434c8c4adf838d3b862ed1f62e,46.012226635971444,distance_m
1542799635697570-59f7b9d48e694f45ac2a6e9532c408eb,59f7b9d48e694f45ac2a6e9532c408eb,11.773911839316616,distance_m
1542799636197443-4df6373b4d2748f487ebdf51aa95354c,4df6373b4d2748f487ebdf51aa95354c,30.872722588071174,distance_m
1542799636697872-24dc629e9bf74231affdfc033c79f8d4,24dc629e9bf74231affdfc033c79f8d4,40.368614046063065,distance_m
1542799637198303-205bbed24e4d48869508e394499c46e9,205bbed24e4d48869508e394499c46e9,26.72311733312564,distance_m
1542799637698202-d113a5db60314618a500a1011c05a4b1,d113a5db60314618a500a1011c05a4b1,74.84066408043157,distance_m
1542799638198054-93a7adbd1bcb409bafc8d2c3e0d41c11,93a7adbd1bcb409bafc8d2c3e0d41c11,86.09950638650608,distance_m
1542799638697935-79db58d69e7d401d94bbf1f001019051,79db58d69e7d401d94bbf1f001019051,20.399142138825347,distance_m
1542799639197823-930016744e7945bbb5936b47c6bb9d1a,930016744e7945bbb5936b47c6bb9d1a,48.18843222185175,distance_m
1542799639698240-99d838dd3c41455592264048505f1517,99d838dd3c41455592264048505f1517,22.69636534778201,distance_m
1542799640198128-7990e4bc7c6a4eba9def306193f6fe84,7990e4bc7c6a4eba9def306193f6fe84,73.68259631690512,distance_m
1542799640697993-e2d08755afac45d1a8e58dfc12f9d808,e2d08755afac45d1a8e58dfc12f9d808,136.16396366146222,distance_m
1542799641197907-0d97173da1e74e34be55e25b9300c13f,0d97173da1e74e34be55e25b9300c13f,215.71306172784253,distance_m
1542799641697195-5ba9f3b30a5d42aeb790bfca7648bf77,5ba9f3b30a5d42aeb790bfca7648bf77,87.98082177383887,distance_m
1542799642147315-23779301ebc34c1284e539ddf057f0b4,23779301ebc34c1284e539ddf057f0b4,72.50948213854517,distance_m
1542799642547094-2fd75d8f942540d4928827d147899f63,2fd75d8f942540d4928827d147899f63,12.732831578246843,distance_m
1542799643047517-016de52682c840a2be5a393e3fb92c29,016de52682c840a2be5a393e3fb92c29,95.82340528284308,distance_m
1542799643548523-772b84ce4ae94232b1e48f7d1dc31ee0,772b84ce4ae94232b1e48f7d1dc31ee0,65.78468666794727,distance_m
1542799644048934-bb88fe0c5edd41e784dba5aa7029e4eb,bb88fe0c5edd41e784dba5aa7029e4eb,42.292138749417724,distance_m
1542799644448726-55b96b9a99fe494ebc7886b8715322b4,55b96b9a99fe494ebc7886b8715322b4,9.280355596635292,distance_m
1542799645048687-77fa92b807e649bd9b39b2c2efa78177,77fa92b807e649bd9b39b2c2efa78177,43.65346492547871,distance_m
1542799645448481-04ac1a9790f24dc28a41d0f49c6fd36a,04ac1a9790f24dc28a41d0f49c6fd36a,25.78032195299353,distance_m
1542799645948362-a322852092bd4851b21d7b8bb14d3af8,a322852092bd4851b21d7b8bb14d3af8,12.947007376224052,distance_m
1542799646448792-11a46849ff264ac3b75ba0709c4a0a35,11a46849ff264ac3b75ba0709c4a0a35,37.85003302508467,distance_m
1542799646898885-1efc1f89c0124c18aa5fc06aed91fed6,1efc1f89c0124c18aa5fc06aed91fed6,38.29001175241397,distance_m
1542799647398781-7f86adb3a3ee43e7b69a410b28ef6ab0,7f86adb3a3ee43e7b69a410b28ef6ab0,26.779189681541897,distance_m
1542799647898659-45326326fd9c44e18d44e9e698454ef6,45326326fd9c44e18d44e9e698454ef6,8.551315688243536,distance_m
1542799648448281-c0c9604c4d82474a8222ce069f8e144f,c0c9604c4d82474a8222ce069f8e144f,12.869537676233751,distance_m
1542799648948710-bb05f4d61f124d5f9c520967ce0544f6,bb05f4d61f124d5f9c520967ce0544f6,81.50536792138294,distance_m
1542799649448580-c97eef4c28f84abea60f2bcce38cd6b5,c97eef4c28f84abea60f2bcce38cd6b5,33.43837615674541,distance_m
1542799649948458-c437abdd39f94ecca54ecab3d458999f,c437abdd39f94ecca54ecab3d458999f,103.7093293778337,distance_m
1542799650448398-30c93aae77194ea6be2777e2fc5623a8,30c93aae77194ea6be2777e2fc5623a8,95.53860476268218,distance_m
1542799650948236-f55ddd57d92944fdbfd0da838aaaf5b0,f55ddd57d92944fdbfd0da838aaaf5b0,125.65080580720523,distance_m
1542799651448106-bc33987f6a8b47709aa70846e6648877,bc33987f6a8b47709aa70846e6648877,31.829624565803474,distance_m
1542799651947976-918b8f22899b460abb6903efe15d663f,918b8f22899b460abb6903efe15d663f,89.6611677372094,distance_m
1542799652447853-f961c0cdd3224259b0cce16b74b6bbfd,f961c0cdd3224259b0cce16b74b6bbfd,66.54415827103082,distance_m
1542799652947732-a6246f2120ea462f8cc969645c83b2ca,a6246f2120ea462f8cc969645c83b2ca,18.950593658247225,distance_m
1542799653447609-9b5678cae57643908e22f01ca710d135,9b5678cae57643908e22f01ca710d135,36.57355602070982,distance_m
1542799653948040-c8c58d1064aa4432bff5807960d46ffa,c8c58d1064aa4432bff5807960d46ffa,39.95153313703994,distance_m
1542799654447901-22312396fef84a7a9c801eeb70835784,22312396fef84a7a9c801eeb70835784,35.96004727471865,distance_m
1542799654947812-46351686a8ce4aa6aa14a2e8162e56f1,46351686a8ce4aa6aa14a2e8162e56f1,45.42163581378372,distance_m
1542799655448218-4e94cdfeb165486189437ebdd1796bd8,4e94cdfeb165486189437ebdd1796bd8,37.31789115156428,distance_m
1542799655948108-3e46f691de9f4f4287d742b335294cde,3e46f691de9f4f4287d742b335294cde,9.334077351297235,distance_m
1542799656448022-f9c8bf233bd946ba8425f97ef3ccc5ce,f9c8bf233bd946ba8425f97ef3ccc5ce,19.802146348312853,distance_m
1542799656947842-52e868a4920347fab40ff78b0310840d,52e868a4920347fab40ff78b0310840d,20.654902565734847,distance_m
1542799657447706-a8a578a007ef4c5483ec5c46fb3204fb,a8a578a007ef4c5483ec5c46fb3204fb,16.29800601300662,distance_m
1542799657948706-53f6fea48ad8431b8c0bae2e5c653a47,53f6fea48ad8431b8c0bae2e5c653a47,23.024443532906503,distance_m
1542799658448610-22186f4894ab46b481a9e1ee31d7734e,22186f4894ab46b481a9e1ee31d7734e,25.409151894543825,distance_m
1542799658948454-5e0802535c0548728901a834f82b1c4f,5e0802535c0548728901a834f82b1c4f,20.91948852147203,distance_m
1542799659398554-f4f8526c8658489e955b8cef106693e9,f4f8526c8658489e955b8cef106693e9,14.870272357963051,distance_m
1542799659948240-42458a1ffa43421cb16ef1038e31217d,42458a1ffa43421cb16ef1038e31217d,13.08147545195113,distance_m
1542799660448104-32e18b5a714f49d187f4890ddae6c63e,32e18b5a714f49d187f4890ddae6c63e,33.28851153175822,distance_m
1542799660947947-e111b0f272e349c0a35bd116df9cbbb2,e111b0f272e349c0a35bd116df9cbbb2,30.135112410608325,distance_m
1542799661447867-3c8e6743e1ed42139ef8e5fbe3a9be17,3c8e6743e1ed42139ef8e5fbe3a9be17,23.41206953688631,distance_m
1542799661947717-1be89dec99ca4b3d8bad9acf8a7edfa5,1be89dec99ca4b3d8bad9acf8a7edfa5,30.45693681248986,distance_m
1542799662147889-7e351605549547f8af19432917f23b73,7e351605549547f8af19432917f23b73,26.08879069638913,distance_m
1542799662647763-d53d5eb7458f490da0219ec844fb6795,d53d5eb7458f490da0219ec844fb6795,15.054069217324598,distance_m
1542799663148177-57830375357c40ac897e5e023f5e575b,57830375357c40ac897e5e023f5e575b,21.133504205408055,distance_m
1542799663647496-348c385855904deaba5c478b0f93cfb7,348c385855904deaba5c478b0f93cfb7,109.86538593933697,distance_m
1542799664147414-e4f3ba8655894853b8c387fc91f07cb7,e4f3ba8655894853b8c387fc91f07cb7,2.2638462845343543,distance_m
1542799664647828-4afe649e7e4344f79923264b7bc32c21,4afe649e7e4344f79923264b7bc32c21,12.869537676233751,distance_m
1542799665147692-905bc22f09f542c6ae0b6721c005c327,905bc22f09f542c6ae0b6721c005c327,36.58039092191334,distance_m
1542799665648121-20622852ae754f25bb55b8fa466b5455,20622852ae754f25bb55b8fa466b5455,45.05135957992833,distance_m
1542799666198303-79e28a35e07b444c893111137aea81e7,79e28a35e07b444c893111137aea81e7,15.31747368204039,distance_m
1542799666697625-8ff61927c22e4103a3c4c24dc9f7f8d9,8ff61927c22e4103a3c4c24dc9f7f8d9,29.21686156999071,distance_m
1542799667198077-d73837c92a1147cc98bcb87122d466b1,d73837c92a1147cc98bcb87122d466b1,23.761839154408904,distance_m
1542799667697948-f02d48168d5145109cfb2ddd7f35b04e,f02d48168d5145109cfb2ddd7f35b04e,50.131078185093926,distance_m
1542799668197808-560ca003953545d4a7d316b37350d597,560ca003953545d4a7d316b37350d597,49.311509812618795,distance_m
1542799668697713-9dec7ba7e6d44e069cc6a6c124c91ce0,9dec7ba7e6d44e069cc6a6c124c91ce0,52.47022965453839,distance_m
1542799669197007-b41281994aff4ebe8bc957cffc81ba35,b41281994aff4ebe8bc957cffc81ba35,29.165476166179765,distance_m
1542799669697453-f4a78e352cb74deca0bf4e1669aec42a,f4a78e352cb74deca0bf4e1669aec42a,13.752272539475067,distance_m
1542799670197899-c8dfa0a46bf64349bc0c58850ba0aba7,c8dfa0a46bf64349bc0c58850ba0aba7,20.594295326618973,distance_m
1542799670697747-136075a8b0654c34bfa713a956fd9872,136075a8b0654c34bfa713a956fd9872,1.5754927295290222,distance_m
1542799671147921-e0a7e1df190e48feb416dad36d140c35,e0a7e1df190e48feb416dad36d140c35,5.303300858899107,distance_m
1542799671647199-665d9302d4034e0896a66c7a903ea226,665d9302d4034e0896a66c7a903ea226,3.810594233449525,distance_m
1542799672147648-8cd233f6da4e4c3685a112be8c6eda2b,8cd233f6da4e4c3685a112be8c6eda2b,24.61960600822036,distance_m
1542799672648034-b6cf1af09fc54c79b0d1402e346b8514,b6cf1af09fc54c79b0d1402e346b8514,29.353449541748923,distance_m
1542799673198229-2a1710d55ac747339eae4502565b956b,2a1710d55ac747339eae4502565b956b,12.414709017935136,distance_m
1542799673698130-184274eb68f24cb9bdb06f90d5728413,184274eb68f24cb9bdb06f90d5728413,1.0610967831191256,distance_m
1542799674197422-f5fcaa580b7143dc8136501b9a3d547a,f5fcaa580b7143dc8136501b9a3d547a,8.609587678861281,distance_m
1542799674697302-8e6c7f7a6e7b4ebbb1d5fe9d2b941147,8e6c7f7a6e7b4ebbb1d5fe9d2b941147,23.950469723994978,distance_m
1542799675197190-a633a5ca3bd94f9d99f0251f03e28170,a633a5ca3bd94f9d99f0251f03e28170,17.56966666796122,distance_m
1542799675697657-d6ea9421c9924d3fa98b90563e4a106f,d6ea9421c9924d3fa98b90563e4a106f,13.408393817908486,distance_m
1542799676198035-a04be2dd20eb493daa336a299f052426,a04be2dd20eb493daa336a299f052426,1.0693270929614573,distance_m
1542799676697935-8542f5f6d7b94050b17a6e980c0b7bc6,8542f5f6d7b94050b17a6e980c0b7bc6,4.709093929399453,distance_m
1542799677197822-9abd85fd738f47e686b5ab5c22db82ce,9abd85fd738f47e686b5ab5c22db82ce,12.241696731092617,distance_m
1542799677647346-fdc247f7415c4a7c9289b979167cefd9,fdc247f7415c4a7c9289b979167cefd9,21.461287778442493,distance_m
1542799678196988-3622865dfe634cc08d007c04aac2b147,3622865dfe634cc08d007c04aac2b147,31.669972660167744,distance_m
1542799678697426-dd30cd99e03a43ecb74f1a41769bd9a7,dd30cd99e03a43ecb74f1a41769bd9a7,42.60417011894936,distance_m
1542799679197846-4ab3ec113eb241d5abc93b2ebe1313df,4ab3ec113eb241d5abc93b2ebe1313df,51.14520484442539,distance_m
1542799679698279-a542b5d6a76c42a49ee3cf4f7130553c,a542b5d6a76c42a49ee3cf4f7130553c,60.016982132130856,distance_m
1542799680198742-94b4a62553a145e8bec4ce2ae634e574,94b4a62553a145e8bec4ce2ae634e574,67.5144859129107,distance_m
1542799680698585-dfef4d90c84646b39e26bcbf3de778ca,dfef4d90c84646b39e26bcbf3de778ca,77.14451648875348,distance_m
1542799681198460-6a147ca886954584aad7eb68b15db56d,6a147ca886954584aad7eb68b15db56d,85.6347347571119,distance_m
1542799681697796-58ac8c22238e43efa70279ddaba46180,58ac8c22238e43efa70279ddaba46180,141.97811876723446,distance_m
1542799702398403-f9ad282e31ce47d5a16dffc3b25c456a,f9ad282e31ce47d5a16dffc3b25c456a,63.301856212910536,distance_m
1542799702897740-0b8bdcce84ce40a8982a6a5909ce7b33,0b8bdcce84ce40a8982a6a5909ce7b33,68.76523252404256,distance_m
1542799703397602-86ff27b6b2664e408b4a7af25f0b08b4,86ff27b6b2664e408b4a7af25f0b08b4,82.78056453346079,distance_m
1542799703897528-75987ced752e441ab0a8b8cb02804fa0,75987ced752e441ab0a8b8cb02804fa0,50.79785997213559,distance_m
1542799704397357-b6b30633eec84beb9a5ab65f0b950689,b6b30633eec84beb9a5ab65f0b950689,88.89807390482302,distance_m
1542799704897228-99a58537511945f3bb382ed73b882ef3,99a58537511945f3bb382ed73b882ef3,54.87130034965862,distance_m
1542799705397663-8269fe5375974424ba92852ed8b33833,8269fe5375974424ba92852ed8b33833,22.690168299102773,distance_m
1542799705897533-ae463fd0ba0e430984c1fa560856f4d8,ae463fd0ba0e430984c1fa560856f4d8,37.21024453281355,distance_m
1542799706397965-df957c9b8e194e7f88b9a3dc84f12174,df957c9b8e194e7f88b9a3dc84f12174,27.17514484278862,distance_m
1542799706897859-1229d8b0a68643389d99e4d788fe8792,1229d8b0a68643389d99e4d788fe8792,8.793862191723901,distance_m
1542799707397715-08cf9365fafc477084d7529a374ca960,08cf9365fafc477084d7529a374ca960,32.67304935521845,distance_m
1542799707898186-fcd1acc0208f4ac08c879e2be95529a5,fcd1acc0208f4ac08c879e2be95529a5,23.8029599459142,distance_m
1542799708447789-692fbe3b8a9a46bd913eff49b9f7103c,692fbe3b8a9a46bd913eff49b9f7103c,65.85305611738912,distance_m
1542799708948219-45ff19c347b44d168717a7ef95b04d93,45ff19c347b44d168717a7ef95b04d93,53.336675622463936,distance_m
1542799709448674-aa84c2a1474048b8a7ceb4969fd7e042,aa84c2a1474048b8a7ceb4969fd7e042,158.76116715221903,distance_m
1542799709948519-031c053948164a549c7cc5f5c835610e,031c053948164a549c7cc5f5c835610e,98.14084267011366,distance_m
1542799710448958-bf6462153f7e45ac97c6ca0469d7936b,bf6462153f7e45ac97c6ca0469d7936b,7.690289289653385,distance_m
1542799710948826-0a29d84ae38840e0b576626475c8b146,0a29d84ae38840e0b576626475c8b146,13.052664052237578,distance_m
1542799711448157-3d7733347cc04bfa97a43b4de2e6437f,3d7733347cc04bfa97a43b4de2e6437f,23.455926315227796,distance_m
1542799711898267-8a6554684382497fa4ee6847fbe77f68,8a6554684382497fa4ee6847fbe77f68,148.6039198675459,distance_m
1542799712447926-e780de705c784720ab7ab65e7f3770b2,e780de705c784720ab7ab65e7f3770b2,50.6205634621275,distance_m
1542799712947796-da627527bab04b3d9872420f0557f625,da627527bab04b3d9872420f0557f625,50.04109587220184,distance_m
1542799713397901-70d04b7ebd6f4cae85f7c0f1dade1871,70d04b7ebd6f4cae85f7c0f1dade1871,57.89122068450761,distance_m
1542799713948090-0c23d9c6329d40938e1f0593c15f1e70,0c23d9c6329d40938e1f0593c15f1e70,45.709714107716614,distance_m
1542799714448519-53123cc5c36d44e4be7bd5cfd7e118a8,53123cc5c36d44e4be7bd5cfd7e118a8,51.38337731302123,distance_m
1542799714948943-c81faf62dec64ab4a9275d5c191789c3,c81faf62dec64ab4a9275d5c191789c3,16.29800601300662,distance_m
1542799715448822-e58922cd33484d019c48f0dccf49443c,e58922cd33484d019c48f0dccf49443c,68.10597345430514,distance_m
1542799715898932-f7c6252d0d714fc8b4ed9334052b3f99,f7c6252d0d714fc8b4ed9334052b3f99,51.15716723388332,distance_m
1542799716398859-c3acd43e79464a24b0fadbe1e5ba9950,c3acd43e79464a24b0fadbe1e5ba9950,6.490377492873585,distance_m
1542799716898692-0ad9191b360a4cf1a81cdfe960d6fb41,0ad9191b360a4cf1a81cdfe960d6fb41,9.635767144878338,distance_m
1542799717448347-8c88fa56a3ed414882a625ff557e7a09,8c88fa56a3ed414882a625ff557e7a09,47.145357333115705,distance_m
1542799717948218-5d3e3366f21f49bcba8af3b57218f32d,5d3e3366f21f49bcba8af3b57218f32d,79.33956327407385,distance_m
1542799718448626-afbe52e790a44a50bb766f746318a83e,afbe52e790a44a50bb766f746318a83e,115.99378574475041,distance_m
1542799718898189-51b48a4ba38b4824a21d4a8b39a7a6e9,51b48a4ba38b4824a21d4a8b39a7a6e9,28.30415163893806,distance_m
1542799719398067-7e7a4ea05c58491da5afa62cd99d2d3f,7e7a4ea05c58491da5afa62cd99d2d3f,53.16085871616334,distance_m
1542799719897382-a1bbde13230e4493a2bacce82acf9456,a1bbde13230e4493a2bacce82acf9456,12.50594291475737,distance_m
1542799720397263-2633bccdf64b40d7be34af01670de69a,2633bccdf64b40d7be34af01670de69a,36.01154338610963,distance_m
1542799720897693-bc5bcc4d1ff549858613e15e46ffd76b,bc5bcc4d1ff549858613e15e46ffd76b,11.187335346061145,distance_m
1542799721398118-5622886f3e7e427fbcb0243cf664afe9,5622886f3e7e427fbcb0243cf664afe9,23.41206953688631,distance_m
1542799721897457-7d9d76585f0d4af98e44a09f71ca6c0a,7d9d76585f0d4af98e44a09f71ca6c0a,11.607259293288411,distance_m
1542799742547751-127c5ddf95e947ef96888e56d5a355f6,127c5ddf95e947ef96888e56d5a355f6,2.760941311913119,distance_m
1542799743048217-4518c3b25dc5423cb72619bcad0d7091,4518c3b25dc5423cb72619bcad0d7091,1.1616973295939628,distance_m
1542799743448579-8f96ab01c9ee4e088cff0e50c294ed05,8f96ab01c9ee4e088cff0e50c294ed05,1.8021189935946558,distance_m
1542799744047957-ce89081ab6de4d0c92c33f910c0db5f1,ce89081ab6de4d0c92c33f910c0db5f1,27.552223140792105,distance_m
1542799744547829-ca68f0367d7749bba32868d90d1288cd,ca68f0367d7749bba32868d90d1288cd,32.781473426312004,distance_m
1542799745048254-29ac0fcfafd84f309c87aadf3115c950,29ac0fcfafd84f309c87aadf3115c950,0.9129839841297648,distance_m
1542799745548111-9f545f2c3235455294cb98e22a39e831,9f545f2c3235455294cb98e22a39e831,33.430898881124925,distance_m
1542799746048005-643644c758904260b1f840cc82e669bb,643644c758904260b1f840cc82e669bb,1.438589963811742,distance_m
1542799746547864-de18907d85164692bafbb4916484b9b9,de18907d85164692bafbb4916484b9b9,9.199184746487049,distance_m
1542799747047756-b0415129874746caa11b0985a4a65dc6,b0415129874746caa11b0985a4a65dc6,2.5280660240408466,distance_m
1542799747547651-9bccf886ed0e4f0cb18a557f0104b024,9bccf886ed0e4f0cb18a557f0104b024,3.6079038177514655,distance_m
1542799748048095-d527bdde872340a383de3a7cf3979e7d,d527bdde872340a383de3a7cf3979e7d,3.8816694148040325,distance_m
1542799748447867-08431948b9ab44978a5034708dd8337d,08431948b9ab44978a5034708dd8337d,4.8697139369687585,distance_m
1542799748948267-4f6e4231ae104454aa005da358b77fd6,4f6e4231ae104454aa005da358b77fd6,0.32629167560377603,distance_m
1542799749547679-e44d74c628fb409a80ea47d93da771d4,e44d74c628fb409a80ea47d93da771d4,0.2455199156262879,distance_m
1542799750047559-b85450b2361b42ce8ef41708ab5e3e45,b85450b2361b42ce8ef41708ab5e3e45,1.9067110861981211,distance_m
1542799750546894-07bcc61f6ab14d0bb77d5b99ea44d4e7,07bcc61f6ab14d0bb77d5b99ea44d4e7,27.388409957498446,distance_m
1542799750947219-a669c657a1f54e6a9a776003aeb66a72,a669c657a1f54e6a9a776003aeb66a72,0.7048533997920627,distance_m
1542799751547239-4dad239b9fc048f7a6e69e2ba45b35b1,4dad239b9fc048f7a6e69e2ba45b35b1,1.2715190404627599,distance_m
1542799752048167-40fb1386a6374d769fcb591bf8f6bf42,40fb1386a6374d769fcb591bf8f6bf42,0.5598397497751656,distance_m
1542799752548621-3fa66f73ad3b4e719b1e929c3e8a1db7,3fa66f73ad3b4e719b1e929c3e8a1db7,0.813925990622188,distance_m
1542799753048487-c8486284cafb4925b8596f29f818c5d5,c8486284cafb4925b8596f29f818c5d5,0.8646820941299301,distance_m
1542799753547825-e353030f3b82412d9619cab425e59985,e353030f3b82412d9619cab425e59985,1.0507326367395555,distance_m
1542799753948138-81bb589403fd4847be1d5d03ba85bd41,81bb589403fd4847be1d5d03ba85bd41,1.5836150384250327,distance_m
1542799754448566-0f3fbd162e444ecd9e3b7136c33deb54,0f3fbd162e444ecd9e3b7136c33deb54,19.81476722043436,distance_m
1542799754947884-1bfa473eef424c3c8ae0fbc1ecebd9a9,1bfa473eef424c3c8ae0fbc1ecebd9a9,1.1554379968971884,distance_m
1542799755448325-b77dbdb5e6a7429dbbdb3ea86c7ec3b8,b77dbdb5e6a7429dbbdb3ea86c7ec3b8,1.0832815753363227,distance_m
1542799755947664-fa0c3d61420d4a049d13e56a169f0f8b,fa0c3d61420d4a049d13e56a169f0f8b,0.9928457387323354,distance_m
1542799756447536-0657a919d58a462c8905f7a0c706dafb,0657a919d58a462c8905f7a0c706dafb,1.1619628805154676,distance_m
1542799756947423-df9df601e42b4186a01182d1841e2a09,df9df601e42b4186a01182d1841e2a09,0.43941362842635034,distance_m
1542799757447267-bcb9325f1f7c4a60ba4c97b17168be33,bcb9325f1f7c4a60ba4c97b17168be33,0.239326996577871,distance_m
1542799757947730-f75968e911a94a3e8eea092422614231,f75968e911a94a3e8eea092422614231,0.6235308657400889,distance_m
1542799758448164-1c0f1ed37cd54bf9aad432fc49bb9274,1c0f1ed37cd54bf9aad432fc49bb9274,0.3449471494647193,distance_m
1542799758948001-a7c9bbdba0ca4bd5b990b67654d8d836,a7c9bbdba0ca4bd5b990b67654d8d836,0.6513147664415425,distance_m
1542799759447891-6906b7b4c38949a682e2880412b5284e,6906b7b4c38949a682e2880412b5284e,0.9299434990799808,distance_m
1542799759947239-f9b33fd383b143f6bc20d6796e94620d,f9b33fd383b143f6bc20d6796e94620d,0.7937161360779329,distance_m
1542799760447630-c94ac47cdb8e45f3aaca9bb80ec374fb,c94ac47cdb8e45f3aaca9bb80ec374fb,0.6312372349212909,distance_m
1542799760947509-334ab5c696f5404ba8d587c13f57693e,334ab5c696f5404ba8d587c13f57693e,1.0466735380690333,distance_m
1542799761447380-dd873a094c5b47649b79c3f9dc36dfb2,dd873a094c5b47649b79c3f9dc36dfb2,1.0512680445151747,distance_m
1542799761947815-f0ee73d43c2748fbb584d1a062e2773a,f0ee73d43c2748fbb584d1a062e2773a,1.109923409588106,distance_m
